<urlrewrite>
    <rule>
        <from>^/manage/(js|css|images|config|locales|fonts)/(.*)$</from>
        <to last="true">/app-unifi/$1/$2</to>
    </rule>
    <rule>
        <from>^/verify$</from>
        <to last="true" type="temporary-redirect" qsappend="true">/manage/account/verify?r=1</to>
    </rule>
    <rule>
        <from>^/sso_login/(.*)$</from>
        <to last="true" type="temporary-redirect">/manage/sso_login/$1</to>
    </rule>
    <rule>
        <from>^/manage/sso_login/(.*)$</from>
        <to last="true">/app-unifi/index.html</to>
    </rule>
</urlrewrite>
